0000,22-22,0.500,splits=8724/8336,{"swarmSplitLen": 4, "swarmBudLen": 10, "swarmBudChild": 5, "growerKeepBase": 4, "growerKeepEvery": 60, "growerChild": 2, "splitRoom": 8, "spaceFactor": 2.33, "spaceMargin": 3, "budAlive": 30, "wSpace": 0.6, "wDanger": 1.5, "starveLocal": 2.5, "growRound": 300, "feedRound": 400, "queenBudUntil": 450, "escortCount": 3, "escortRing": 3, "coveredFavour": 0.15, "exposedFavour": 0.35, "tradeSlack": 1, "wQueenLeash": 0.8, "queenLeashDist": 6, "heardFoodDist": 18, "wHeardFood": 1.2, "wFogPull": 6.0, "wHunt": 1.5, "twoStep": 1, "sprintTrades": 1, "slayAlways": 1, "qRamAdj": 1, "tradeMinUnits": 4, "trapSeenOnly": 0, "openUntil": 0, "openEnemyDist": 1, "splitEnemyDist": 1, "wQueenRam": 30.0, "wQueenAlly": 4.0, "wQueenFog": 2.0, "champFeedDist": 2, "escortRadius": 5, "squadSize": 3, "leanMargin": 0.045, "wPersist": 0.5, "pullAfter": 79, "wPocket": 0.805, "wBlind": 2.0, "wBlindQuiet": 0.3, "gamma": 0.8, "eatBonus": 1.0, "exploreValue": 0.03, "sonarKeyed": 1}
0001,23-21,0.523,splits=7565/8487,{"swarmSplitLen": 4, "swarmBudLen": 6, "swarmBudChild": 4, "growerKeepBase": 4, "growerKeepEvery": 44, "growerChild": 2, "splitRoom": 8, "spaceFactor": 2.202, "spaceMargin": 3, "budAlive": 30, "wSpace": 0.6, "wDanger": 1.5, "starveLocal": 2.5, "growRound": 300, "feedRound": 400, "queenBudUntil": 450, "escortCount": 3, "escortRing": 3, "coveredFavour": 0.15, "exposedFavour": 0.35, "tradeSlack": 1, "wQueenLeash": 0.8, "queenLeashDist": 6, "heardFoodDist": 18, "wHeardFood": 1.2, "wFogPull": 6.0, "wHunt": 1.028, "twoStep": 1, "sprintTrades": 1, "slayAlways": 1, "qRamAdj": 1, "tradeMinUnits": 4, "trapSeenOnly": 0, "openUntil": 0, "openEnemyDist": 1, "splitEnemyDist": 1, "wQueenRam": 30.0, "wQueenAlly": 7.776, "wQueenFog": 2.0, "champFeedDist": 2, "escortRadius": 5, "squadSize": 2, "leanMargin": 0.045, "wPersist": 0.5, "pullAfter": 60, "wPocket": 1.5, "wBlind": 2.0, "wBlindQuiet": 0.3, "gamma": 0.8, "eatBonus": 1.0, "exploreValue": 0.03, "sonarKeyed": 1}
0002,24-20,0.545,splits=7836/7686,{"swarmSplitLen": 4, "swarmBudLen": 6, "swarmBudChild": 5, "growerKeepBase": 4, "growerKeepEvery": 60, "growerChild": 2, "splitRoom": 12, "spaceFactor": 2.0, "spaceMargin": 3, "budAlive": 30, "wSpace": 0.6, "wDanger": 1.5, "starveLocal": 2.5, "growRound": 300, "feedRound": 323, "queenBudUntil": 450, "escortCount": 3, "escortRing": 3, "coveredFavour": 0.15, "exposedFavour": 0.35, "tradeSlack": 2, "wQueenLeash": 0.8, "queenLeashDist": 6, "heardFoodDist": 18, "wHeardFood": 1.2, "wFogPull": 6.0, "wHunt": 1.5, "twoStep": 1, "sprintTrades": 1, "slayAlways": 1, "qRamAdj": 1, "tradeMinUnits": 4, "trapSeenOnly": 0, "openUntil": 0, "openEnemyDist": 1, "splitEnemyDist": 1, "wQueenRam": 30.0, "wQueenAlly": 4.0, "wQueenFog": 3.853, "champFeedDist": 2, "escortRadius": 5, "squadSize": 3, "leanMargin": 0.045, "wPersist": 0.5, "pullAfter": 71, "wPocket": 1.5, "wBlind": 2.0, "wBlindQuiet": 0.3, "gamma": 0.8, "eatBonus": 1.0, "exploreValue": 0.03, "sonarKeyed": 1}
0003,18-26,0.409,splits=5360/7822,{"swarmSplitLen": 5, "swarmBudLen": 6, "swarmBudChild": 4, "growerKeepBase": 4, "growerKeepEvery": 60, "growerChild": 2, "splitRoom": 8, "spaceFactor": 2.0, "spaceMargin": 3, "budAlive": 30, "wSpace": 0.536, "wDanger": 1.5, "starveLocal": 2.5, "growRound": 300, "feedRound": 400, "queenBudUntil": 450, "escortCount": 3, "escortRing": 3, "coveredFavour": 0.15, "exposedFavour": 0.35, "tradeSlack": 1, "wQueenLeash": 0.8, "queenLeashDist": 6, "heardFoodDist": 18, "wHeardFood": 1.2, "wFogPull": 4.065, "wHunt": 1.56, "twoStep": 1, "sprintTrades": 1, "slayAlways": 1, "qRamAdj": 1, "tradeMinUnits": 4, "trapSeenOnly": 0, "openUntil": 0, "openEnemyDist": 1, "splitEnemyDist": 1, "wQueenRam": 30.0, "wQueenAlly": 4.0, "wQueenFog": 2.0, "champFeedDist": 2, "escortRadius": 5, "squadSize": 3, "leanMargin": 0.045, "wPersist": 0.5, "pullAfter": 60, "wPocket": 1.5, "wBlind": 2.0, "wBlindQuiet": 0.3, "gamma": 0.8, "eatBonus": 1.0, "exploreValue": 0.03, "sonarKeyed": 1}
0004,22-22,0.500,splits=7949/8080,{"swarmSplitLen": 4, "swarmBudLen": 6, "swarmBudChild": 4, "growerKeepBase": 4, "growerKeepEvery": 60, "growerChild": 3, "splitRoom": 8, "spaceFactor": 2.0, "spaceMargin": 3, "budAlive": 30, "wSpace": 0.6, "wDanger": 1.5, "starveLocal": 2.5, "growRound": 300, "feedRound": 400, "queenBudUntil": 450, "escortCount": 3, "escortRing": 3, "coveredFavour": 0.375, "exposedFavour": 0.35, "tradeSlack": 1, "wQueenLeash": 0.8, "queenLeashDist": 6, "heardFoodDist": 18, "wHeardFood": 1.2, "wFogPull": 6.0, "wHunt": 1.5, "twoStep": 1, "sprintTrades": 1, "slayAlways": 1, "qRamAdj": 1, "tradeMinUnits": 4, "trapSeenOnly": 0, "openUntil": 34, "openEnemyDist": 1, "splitEnemyDist": 1, "wQueenRam": 30.0, "wQueenAlly": 4.0, "wQueenFog": 2.0, "champFeedDist": 2, "escortRadius": 8, "squadSize": 3, "leanMargin": 0.045, "wPersist": 0.5, "pullAfter": 39, "wPocket": 1.5, "wBlind": 2.744, "wBlindQuiet": 0.3, "gamma": 0.8, "eatBonus": 1.0, "exploreValue": 0.03, "sonarKeyed": 1}
0005,19-25,0.432,splits=8088/8133,{"swarmSplitLen": 4, "swarmBudLen": 6, "swarmBudChild": 3, "growerKeepBase": 4, "growerKeepEvery": 60, "growerChild": 3, "splitRoom": 8, "spaceFactor": 2.0, "spaceMargin": 3, "budAlive": 30, "wSpace": 0.6, "wDanger": 1.5, "starveLocal": 2.5, "growRound": 300, "feedRound": 400, "queenBudUntil": 450, "escortCount": 3, "escortRing": 4, "coveredFavour": 0.15, "exposedFavour": 0.35, "tradeSlack": 1, "wQueenLeash": 0.8, "queenLeashDist": 6, "heardFoodDist": 24, "wHeardFood": 1.2, "wFogPull": 6.0, "wHunt": 1.5, "twoStep": 1, "sprintTrades": 1, "slayAlways": 1, "qRamAdj": 0, "tradeMinUnits": 4, "trapSeenOnly": 0, "openUntil": 0, "openEnemyDist": 1, "splitEnemyDist": 1, "wQueenRam": 30.0, "wQueenAlly": 4.0, "wQueenFog": 2.0, "champFeedDist": 2, "escortRadius": 5, "squadSize": 3, "leanMargin": 0.045, "wPersist": 0.5, "pullAfter": 60, "wPocket": 1.5, "wBlind": 1.173, "wBlindQuiet": 0.3, "gamma": 0.8, "eatBonus": 1.0, "exploreValue": 0.03, "sonarKeyed": 1}
0006,22-22,0.500,splits=8211/8125,{"swarmSplitLen": 4, "swarmBudLen": 6, "swarmBudChild": 4, "growerKeepBase": 6, "growerKeepEvery": 60, "growerChild": 2, "splitRoom": 8, "spaceFactor": 2.0, "spaceMargin": 3, "budAlive": 30, "wSpace": 0.871, "wDanger": 1.5, "starveLocal": 2.5, "growRound": 300, "feedRound": 400, "queenBudUntil": 450, "escortCount": 3, "escortRing": 3, "coveredFavour": 0.15, "exposedFavour": 0.35, "tradeSlack": 1, "wQueenLeash": 0.8, "queenLeashDist": 6, "heardFoodDist": 18, "wHeardFood": 1.2, "wFogPull": 6.0, "wHunt": 1.5, "twoStep": 1, "sprintTrades": 1, "slayAlways": 1, "qRamAdj": 1, "tradeMinUnits": 4, "trapSeenOnly": 0, "openUntil": 0, "openEnemyDist": 1, "splitEnemyDist": 1, "wQueenRam": 30.0, "wQueenAlly": 4.0, "wQueenFog": 2.0, "champFeedDist": 2, "escortRadius": 5, "squadSize": 3, "leanMargin": 0.045, "wPersist": 0.325, "pullAfter": 60, "wPocket": 1.5, "wBlind": 2.0, "wBlindQuiet": 0.3, "gamma": 0.8, "eatBonus": 1.0, "exploreValue": 0.03, "sonarKeyed": 0}
0007,29-15,0.659,splits=7647/8168,{"swarmSplitLen": 4, "swarmBudLen": 6, "swarmBudChild": 4, "growerKeepBase": 4, "growerKeepEvery": 60, "growerChild": 2, "splitRoom": 8, "spaceFactor": 2.0, "spaceMargin": 3, "budAlive": 34, "wSpace": 1.191, "wDanger": 1.5, "starveLocal": 2.5, "growRound": 300, "feedRound": 400, "queenBudUntil": 450, "escortCount": 3, "escortRing": 3, "coveredFavour": 0.354, "exposedFavour": 0.35, "tradeSlack": 1, "wQueenLeash": 0.8, "queenLeashDist": 6, "heardFoodDist": 18, "wHeardFood": 1.2, "wFogPull": 6.0, "wHunt": 1.5, "twoStep": 1, "sprintTrades": 1, "slayAlways": 1, "qRamAdj": 1, "tradeMinUnits": 4, "trapSeenOnly": 0, "openUntil": 0, "openEnemyDist": 1, "splitEnemyDist": 1, "wQueenRam": 30.0, "wQueenAlly": 4.0, "wQueenFog": 2.0, "champFeedDist": 2, "escortRadius": 5, "squadSize": 3, "leanMargin": 0.045, "wPersist": 0.5, "pullAfter": 60, "wPocket": 1.5, "wBlind": 2.0, "wBlindQuiet": 0.3, "gamma": 0.767, "eatBonus": 1.0, "exploreValue": 0.03, "sonarKeyed": 1}
0008,18-26,0.409,splits=8117/8052,{"swarmSplitLen": 4, "swarmBudLen": 6, "swarmBudChild": 4, "growerKeepBase": 4, "growerKeepEvery": 60, "growerChild": 2, "splitRoom": 8, "spaceFactor": 2.0, "spaceMargin": 3, "budAlive": 30, "wSpace": 0.6, "wDanger": 1.5, "starveLocal": 2.5, "growRound": 300, "feedRound": 400, "queenBudUntil": 450, "escortCount": 3, "escortRing": 3, "coveredFavour": 0.15, "exposedFavour": 0.427, "tradeSlack": 2, "wQueenLeash": 0.8, "queenLeashDist": 6, "heardFoodDist": 18, "wHeardFood": 1.2, "wFogPull": 6.0, "wHunt": 1.5, "twoStep": 1, "sprintTrades": 1, "slayAlways": 1, "qRamAdj": 0, "tradeMinUnits": 4, "trapSeenOnly": 0, "openUntil": 0, "openEnemyDist": 1, "splitEnemyDist": 1, "wQueenRam": 30.0, "wQueenAlly": 4.0, "wQueenFog": 2.0, "champFeedDist": 2, "escortRadius": 5, "squadSize": 3, "leanMargin": 0.045, "wPersist": 0.5, "pullAfter": 60, "wPocket": 1.5, "wBlind": 2.0, "wBlindQuiet": 0.3, "gamma": 0.8, "eatBonus": 1.0, "exploreValue": 0.03, "sonarKeyed": 1}
0009,19-25,0.432,splits=8541/8898,{"swarmSplitLen": 4, "swarmBudLen": 6, "swarmBudChild": 4, "growerKeepBase": 4, "growerKeepEvery": 60, "growerChild": 2, "splitRoom": 11, "spaceFactor": 2.9, "spaceMargin": 3, "budAlive": 30, "wSpace": 0.6, "wDanger": 1.5, "starveLocal": 2.5, "growRound": 312, "feedRound": 400, "queenBudUntil": 450, "escortCount": 3, "escortRing": 3, "coveredFavour": 0.15, "exposedFavour": 0.35, "tradeSlack": 1, "wQueenLeash": 0.8, "queenLeashDist": 7, "heardFoodDist": 18, "wHeardFood": 1.2, "wFogPull": 6.0, "wHunt": 1.5, "twoStep": 1, "sprintTrades": 1, "slayAlways": 1, "qRamAdj": 1, "tradeMinUnits": 4, "trapSeenOnly": 0, "openUntil": 0, "openEnemyDist": 1, "splitEnemyDist": 1, "wQueenRam": 30.0, "wQueenAlly": 4.0, "wQueenFog": 2.0, "champFeedDist": 2, "escortRadius": 3, "squadSize": 3, "leanMargin": 0.045, "wPersist": 0.5, "pullAfter": 60, "wPocket": 1.5, "wBlind": 2.0, "wBlindQuiet": 0.3, "gamma": 0.8, "eatBonus": 1.0, "exploreValue": 0.03, "sonarKeyed": 1}
0010,20-24,0.455,splits=8297/8252,{"swarmSplitLen": 4, "swarmBudLen": 9, "swarmBudChild": 4, "growerKeepBase": 4, "growerKeepEvery": 60, "growerChild": 2, "splitRoom": 8, "spaceFactor": 2.0, "spaceMargin": 3, "budAlive": 30, "wSpace": 0.6, "wDanger": 1.5, "starveLocal": 2.5, "growRound": 256, "feedRound": 400, "queenBudUntil": 450, "escortCount": 3, "escortRing": 3, "coveredFavour": 0.15, "exposedFavour": 0.478, "tradeSlack": 1, "wQueenLeash": 1.344, "queenLeashDist": 5, "heardFoodDist": 18, "wHeardFood": 1.2, "wFogPull": 6.0, "wHunt": 1.5, "twoStep": 1, "sprintTrades": 1, "slayAlways": 1, "qRamAdj": 1, "tradeMinUnits": 4, "trapSeenOnly": 0, "openUntil": 0, "openEnemyDist": 1, "splitEnemyDist": 1, "wQueenRam": 30.0, "wQueenAlly": 4.0, "wQueenFog": 2.0, "champFeedDist": 2, "escortRadius": 5, "squadSize": 3, "leanMargin": 0.045, "wPersist": 0.5, "pullAfter": 60, "wPocket": 1.5, "wBlind": 2.0, "wBlindQuiet": 0.3, "gamma": 0.8, "eatBonus": 1.0, "exploreValue": 0.03, "sonarKeyed": 1}
0011,24-20,0.545,splits=8158/8029,{"swarmSplitLen": 4, "swarmBudLen": 6, "swarmBudChild": 4, "growerKeepBase": 4, "growerKeepEvery": 60, "growerChild": 2, "splitRoom": 8, "spaceFactor": 2.0, "spaceMargin": 3, "budAlive": 30, "wSpace": 0.6, "wDanger": 1.5, "starveLocal": 2.5, "growRound": 300, "feedRound": 400, "queenBudUntil": 450, "escortCount": 3, "escortRing": 3, "coveredFavour": 0.343, "exposedFavour": 0.35, "tradeSlack": 1, "wQueenLeash": 0.8, "queenLeashDist": 6, "heardFoodDist": 18, "wHeardFood": 1.2, "wFogPull": 6.0, "wHunt": 1.5, "twoStep": 1, "sprintTrades": 1, "slayAlways": 1, "qRamAdj": 1, "tradeMinUnits": 4, "trapSeenOnly": 1, "openUntil": 0, "openEnemyDist": 1, "splitEnemyDist": 2, "wQueenRam": 30.0, "wQueenAlly": 4.0, "wQueenFog": 2.0, "champFeedDist": 2, "escortRadius": 5, "squadSize": 5, "leanMargin": 0.045, "wPersist": 0.5, "pullAfter": 60, "wPocket": 1.5, "wBlind": 2.0, "wBlindQuiet": 0.3, "gamma": 0.8, "eatBonus": 1.0, "exploreValue": 0.03, "sonarKeyed": 1}
0012,19-25,0.432,splits=7659/8001,{"swarmSplitLen": 4, "swarmBudLen": 8, "swarmBudChild": 4, "growerKeepBase": 4, "growerKeepEvery": 60, "growerChild": 3, "splitRoom": 8, "spaceFactor": 2.0, "spaceMargin": 3, "budAlive": 30, "wSpace": 0.6, "wDanger": 1.5, "starveLocal": 2.5, "growRound": 300, "feedRound": 400, "queenBudUntil": 450, "escortCount": 3, "escortRing": 3, "coveredFavour": 0.15, "exposedFavour": 0.35, "tradeSlack": 1, "wQueenLeash": 0.8, "queenLeashDist": 6, "heardFoodDist": 18, "wHeardFood": 0.906, "wFogPull": 6.0, "wHunt": 1.5, "twoStep": 1, "sprintTrades": 1, "slayAlways": 1, "qRamAdj": 1, "tradeMinUnits": 4, "trapSeenOnly": 0, "openUntil": 0, "openEnemyDist": 1, "splitEnemyDist": 2, "wQueenRam": 30.0, "wQueenAlly": 4.0, "wQueenFog": 2.0, "champFeedDist": 2, "escortRadius": 5, "squadSize": 3, "leanMargin": 0.045, "wPersist": 0.5, "pullAfter": 60, "wPocket": 1.5, "wBlind": 2.0, "wBlindQuiet": 0.3, "gamma": 0.744, "eatBonus": 1.0, "exploreValue": 0.037, "sonarKeyed": 1}
0013,25-19,0.568,splits=8433/8335,{"swarmSplitLen": 4, "swarmBudLen": 6, "swarmBudChild": 4, "growerKeepBase": 4, "growerKeepEvery": 60, "growerChild": 2, "splitRoom": 8, "spaceFactor": 2.0, "spaceMargin": 3, "budAlive": 30, "wSpace": 0.6, "wDanger": 1.5, "starveLocal": 2.5, "growRound": 308, "feedRound": 400, "queenBudUntil": 450, "escortCount": 3, "escortRing": 3, "coveredFavour": 0.15, "exposedFavour": 0.35, "tradeSlack": 1, "wQueenLeash": 0.8, "queenLeashDist": 6, "heardFoodDist": 18, "wHeardFood": 1.919, "wFogPull": 6.0, "wHunt": 1.5, "twoStep": 1, "sprintTrades": 1, "slayAlways": 1, "qRamAdj": 1, "tradeMinUnits": 7, "trapSeenOnly": 0, "openUntil": 0, "openEnemyDist": 1, "splitEnemyDist": 1, "wQueenRam": 30.0, "wQueenAlly": 4.0, "wQueenFog": 2.0, "champFeedDist": 2, "escortRadius": 5, "squadSize": 3, "leanMargin": 0.044, "wPersist": 0.5, "pullAfter": 60, "wPocket": 1.5, "wBlind": 2.0, "wBlindQuiet": 0.3, "gamma": 0.8, "eatBonus": 1.0, "exploreValue": 0.03, "sonarKeyed": 1}
0014,24-20,0.545,splits=7710/8172,{"swarmSplitLen": 4, "swarmBudLen": 6, "swarmBudChild": 4, "growerKeepBase": 4, "growerKeepEvery": 60, "growerChild": 2, "splitRoom": 8, "spaceFactor": 2.0, "spaceMargin": 3, "budAlive": 30, "wSpace": 0.6, "wDanger": 1.5, "starveLocal": 2.5, "growRound": 321, "feedRound": 373, "queenBudUntil": 450, "escortCount": 3, "escortRing": 3, "coveredFavour": 0.15, "exposedFavour": 0.35, "tradeSlack": 1, "wQueenLeash": 0.8, "queenLeashDist": 6, "heardFoodDist": 18, "wHeardFood": 1.2, "wFogPull": 6.0, "wHunt": 2.062, "twoStep": 1, "sprintTrades": 1, "slayAlways": 1, "qRamAdj": 1, "tradeMinUnits": 4, "trapSeenOnly": 0, "openUntil": 0, "openEnemyDist": 1, "splitEnemyDist": 1, "wQueenRam": 30.0, "wQueenAlly": 4.0, "wQueenFog": 2.0, "champFeedDist": 2, "escortRadius": 5, "squadSize": 3, "leanMargin": 0.045, "wPersist": 0.5, "pullAfter": 60, "wPocket": 1.5, "wBlind": 1.836, "wBlindQuiet": 0.3, "gamma": 0.8, "eatBonus": 1.0, "exploreValue": 0.03, "sonarKeyed": 1}
0015,18-26,0.409,splits=8004/7899,{"swarmSplitLen": 4, "swarmBudLen": 6, "swarmBudChild": 4, "growerKeepBase": 4, "growerKeepEvery": 60, "growerChild": 2, "splitRoom": 8, "spaceFactor": 2.0, "spaceMargin": 3, "budAlive": 30, "wSpace": 0.6, "wDanger": 1.5, "starveLocal": 2.5, "growRound": 300, "feedRound": 421, "queenBudUntil": 450, "escortCount": 3, "escortRing": 3, "coveredFavour": 0.15, "exposedFavour": 0.35, "tradeSlack": 1, "wQueenLeash": 0.8, "queenLeashDist": 6, "heardFoodDist": 18, "wHeardFood": 1.2, "wFogPull": 6.0, "wHunt": 1.5, "twoStep": 1, "sprintTrades": 1, "slayAlways": 1, "qRamAdj": 1, "tradeMinUnits": 4, "trapSeenOnly": 0, "openUntil": 19, "openEnemyDist": 3, "splitEnemyDist": 1, "wQueenRam": 30.0, "wQueenAlly": 4.0, "wQueenFog": 2.0, "champFeedDist": 2, "escortRadius": 5, "squadSize": 3, "leanMargin": 0.045, "wPersist": 0.5, "pullAfter": 60, "wPocket": 1.5, "wBlind": 2.0, "wBlindQuiet": 0.3, "gamma": 0.8, "eatBonus": 1.0, "exploreValue": 0.03, "sonarKeyed": 1}
0016,23-21,0.523,splits=8590/7968,{"swarmSplitLen": 4, "swarmBudLen": 6, "swarmBudChild": 4, "growerKeepBase": 4, "growerKeepEvery": 60, "growerChild": 2, "splitRoom": 8, "spaceFactor": 2.0, "spaceMargin": 3, "budAlive": 30, "wSpace": 0.6, "wDanger": 1.704, "starveLocal": 2.5, "growRound": 300, "feedRound": 400, "queenBudUntil": 450, "escortCount": 3, "escortRing": 3, "coveredFavour": 0.15, "exposedFavour": 0.35, "tradeSlack": 1, "wQueenLeash": 0.741, "queenLeashDist": 6, "heardFoodDist": 18, "wHeardFood": 1.2, "wFogPull": 6.0, "wHunt": 1.5, "twoStep": 1, "sprintTrades": 1, "slayAlways": 1, "qRamAdj": 1, "tradeMinUnits": 4, "trapSeenOnly": 0, "openUntil": 0, "openEnemyDist": 1, "splitEnemyDist": 1, "wQueenRam": 30.0, "wQueenAlly": 4.0, "wQueenFog": 2.0, "champFeedDist": 2, "escortRadius": 5, "squadSize": 3, "leanMargin": 0.045, "wPersist": 0.3, "pullAfter": 60, "wPocket": 1.5, "wBlind": 2.0, "wBlindQuiet": 0.3, "gamma": 0.8, "eatBonus": 1.159, "exploreValue": 0.02, "sonarKeyed": 1}
0017,22-22,0.500,splits=7900/7760,{"swarmSplitLen": 4, "swarmBudLen": 6, "swarmBudChild": 4, "growerKeepBase": 4, "growerKeepEvery": 60, "growerChild": 2, "splitRoom": 8, "spaceFactor": 2.0, "spaceMargin": 3, "budAlive": 30, "wSpace": 1.108, "wDanger": 1.5, "starveLocal": 2.5, "growRound": 300, "feedRound": 400, "queenBudUntil": 450, "escortCount": 3, "escortRing": 3, "coveredFavour": 0.15, "exposedFavour": 0.268, "tradeSlack": 1, "wQueenLeash": 0.8, "queenLeashDist": 6, "heardFoodDist": 18, "wHeardFood": 1.2, "wFogPull": 6.0, "wHunt": 1.5, "twoStep": 1, "sprintTrades": 1, "slayAlways": 1, "qRamAdj": 1, "tradeMinUnits": 4, "trapSeenOnly": 0, "openUntil": 40, "openEnemyDist": 3, "splitEnemyDist": 1, "wQueenRam": 30.0, "wQueenAlly": 4.0, "wQueenFog": 2.0, "champFeedDist": 1, "escortRadius": 5, "squadSize": 3, "leanMargin": 0.045, "wPersist": 0.5, "pullAfter": 60, "wPocket": 1.5, "wBlind": 2.0, "wBlindQuiet": 0.3, "gamma": 0.8, "eatBonus": 1.0, "exploreValue": 0.03, "sonarKeyed": 1}
0018,23-21,0.523,splits=7460/8180,{"swarmSplitLen": 4, "swarmBudLen": 6, "swarmBudChild": 4, "growerKeepBase": 4, "growerKeepEvery": 60, "growerChild": 2, "splitRoom": 8, "spaceFactor": 2.0, "spaceMargin": 3, "budAlive": 26, "wSpace": 0.6, "wDanger": 1.5, "starveLocal": 2.5, "growRound": 300, "feedRound": 400, "queenBudUntil": 450, "escortCount": 3, "escortRing": 3, "coveredFavour": 0.15, "exposedFavour": 0.35, "tradeSlack": 1, "wQueenLeash": 0.8, "queenLeashDist": 6, "heardFoodDist": 14, "wHeardFood": 1.2, "wFogPull": 6.0, "wHunt": 1.5, "twoStep": 1, "sprintTrades": 1, "slayAlways": 1, "qRamAdj": 1, "tradeMinUnits": 4, "trapSeenOnly": 0, "openUntil": 0, "openEnemyDist": 1, "splitEnemyDist": 1, "wQueenRam": 30.0, "wQueenAlly": 4.0, "wQueenFog": 2.0, "champFeedDist": 2, "escortRadius": 5, "squadSize": 3, "leanMargin": 0.045, "wPersist": 0.5, "pullAfter": 60, "wPocket": 1.5, "wBlind": 2.0, "wBlindQuiet": 0.3, "gamma": 0.8, "eatBonus": 0.758, "exploreValue": 0.03, "sonarKeyed": 1}
0019,19-25,0.432,splits=7761/8003,{"swarmSplitLen": 4, "swarmBudLen": 6, "swarmBudChild": 4, "growerKeepBase": 4, "growerKeepEvery": 60, "growerChild": 2, "splitRoom": 8, "spaceFactor": 2.0, "spaceMargin": 3, "budAlive": 30, "wSpace": 0.6, "wDanger": 1.5, "starveLocal": 2.5, "growRound": 300, "feedRound": 400, "queenBudUntil": 497, "escortCount": 3, "escortRing": 3, "coveredFavour": 0.15, "exposedFavour": 0.35, "tradeSlack": 1, "wQueenLeash": 0.8, "queenLeashDist": 6, "heardFoodDist": 18, "wHeardFood": 1.2, "wFogPull": 6.0, "wHunt": 1.5, "twoStep": 1, "sprintTrades": 0, "slayAlways": 1, "qRamAdj": 1, "tradeMinUnits": 4, "trapSeenOnly": 0, "openUntil": 0, "openEnemyDist": 3, "splitEnemyDist": 1, "wQueenRam": 30.0, "wQueenAlly": 4.0, "wQueenFog": 2.0, "champFeedDist": 2, "escortRadius": 5, "squadSize": 3, "leanMargin": 0.023, "wPersist": 0.5, "pullAfter": 50, "wPocket": 1.5, "wBlind": 2.0, "wBlindQuiet": 0.3, "gamma": 0.8, "eatBonus": 1.0, "exploreValue": 0.03, "sonarKeyed": 1}
